Country or Area,Year,Value
Australia,2019,10444.59089
Australia,2018,9273.449152
Australia,2017,9250.631509
Australia,2016,9218.70244
Australia,2015,9166.519961
Australia,2014,8117.771863
Australia,2013,7463.841459
Australia,2012,6740.37941
Australia,2011,7149.830408
Australia,2010,6515.837482
Australia,2009,6626.149023
Australia,2008,5472.562728
Australia,2007,5437.973843
Australia,2006,4756.655254
Australia,2005,4969.17604
Australia,2004,4049.983157
Australia,2003,3530.984578
Australia,2002,2764.3476
Australia,2001,2296.711239
Australia,2000,1647.898974
Australia,1999,1396.917906
Australia,1998,928.1176534
Australia,1997,661.683509
Australia,1996,392.5940636
Australia,1995,1067.401694
Australia,1994,1029.115219
Australia,1993,1829.872
Australia,1992,1333.184
Australia,1991,1424.68352
Australia,1990,1424.68352
Austria,2019,1750.257122
Austria,2018,1854.289326
Austria,2017,1809.026993
Austria,2016,1726.069764
Austria,2015,1680.790697
Austria,2014,1570.331526
Austria,2013,1514.429664
Austria,2012,1489.93409
Austria,2011,1399.915624
Austria,2010,1343.267903
Austria,2009,1234.809066
Austria,2008,1144.287869
Austria,2007,1097.868499
Austria,2006,1050.054042
Austria,2005,1078.623091
Austria,2004,1097.350749
Austria,2003,1024.267324
Austria,2002,938.5706974
Austria,2001,825.7150011
Austria,2000,690.7682565
Austria,1999,676.8539537
Austria,1998,603.7516298
Austria,1997,505.3278403
Austria,1996,417.0691285
Austria,1995,348.5327924
Austria,1994,257.1397033
Austria,1993,234.785682
Austria,1992,5.632650803
Austria,1991,3.88944
Austria,1990,2.43756
Belgium,2019,3893.394635
Belgium,2018,4440.630876
Belgium,2017,4356.925943
Belgium,2016,4001.407834
Belgium,2015,4037.247528
Belgium,2014,3879.318179
Belgium,2013,3638.459696
Belgium,2012,3566.97589
Belgium,2011,3562.493348
Belgium,2010,3162.307807
Belgium,2009,2839.104695
Belgium,2008,2976.121475
Belgium,2007,3007.802195
Belgium,2006,2621.189444
Belgium,2005,2546.447776
Belgium,2004,1727.987975
Belgium,2003,1645.256499
Belgium,2002,1455.933736
Belgium,2001,1222.514219
Belgium,2000,1139.95119
Belgium,1999,940.9650949
Belgium,1998,872.7035295
Belgium,1997,711.5831553
Belgium,1996,586.8951144
Belgium,1995,491.4169183
Belgium,1994,490.7235627
Belgium,1993,478.0666657
Belgium,1992,478.0666657
Bulgaria,2019,1818.541116
Bulgaria,2018,2252.529641
Bulgaria,2017,1816.63588
Bulgaria,2016,1399.327111
Bulgaria,2015,1222.075639
Bulgaria,2014,1107.956038
Bulgaria,2013,968.3750358
Bulgaria,2012,823.1421186
Bulgaria,2011,752.6818226
Bulgaria,2010,663.0460516
Bulgaria,2009,639.1132841
Bulgaria,2008,625.8921117
Bulgaria,2007,385.7948251
Bulgaria,2006,297.1054704
Bulgaria,2005,195.1618228
Bulgaria,2004,119.9218303
Bulgaria,2003,83.74488995
Bulgaria,2002,61.29988409
Bulgaria,2001,45.67497208
Bulgaria,2000,33.0239154
Bulgaria,1999,21.59427477
Bulgaria,1998,15.06984758
Bulgaria,1997,9.282612373
Bulgaria,1996,5.843278909
Bulgaria,1995,3.32842473
Bulgaria,1994,1.096775513
Bulgaria,1993,0.023037032
Bulgaria,1992,0.010681702
Bulgaria,1991,0.003135561
Canada,2019,12413.70551
Canada,2018,12519.76504
Canada,2017,11511.07999
Canada,2016,11296.66997
Canada,2015,11037.15094
Canada,2014,10949.36378
Canada,2013,10075.12208
Canada,2012,9084.733409
Canada,2011,8592.518357
Canada,2010,7729.053636
Canada,2009,6909.971099
Canada,2008,6135.671151
Canada,2007,6077.572528
Canada,2006,5391.076067
Canada,2005,5107.033443
Canada,2004,4584.773568
Canada,2003,3979.857653
Canada,2002,3607.067661
Canada,2001,3159.295629
Canada,2000,2754.84204
Canada,1999,2160.364521
Canada,1998,1620.111507
Canada,1997,1122.303491
Canada,1996,810.6249547
Canada,1995,460.5050972
Canada,1992,829.7768
Canada,1991,1056.6608
Canada,1990,970.540192
Croatia,2019,552.6018886
Croatia,2018,547.0156881
Croatia,2017,541.272387
Croatia,2016,534.7336035
Croatia,2015,533.6361259
Croatia,2014,524.6367444
Croatia,2013,521.328821
Croatia,2012,450.9018631
Croatia,2011,449.7962552
Croatia,2010,425.0624474
Croatia,2009,341.630404
Croatia,2008,338.2869516
Croatia,2007,327.5879274
Croatia,2006,293.1726777
Croatia,2005,266.7437779
Croatia,2004,241.4495458
Croatia,2003,212.6863035
Croatia,2002,186.1937929
Croatia,2001,161.9793182
Croatia,2000,148.7491364
Croatia,1999,122.475443
Croatia,1998,103.1260858
Croatia,1997,72.8433599
Croatia,1996,50.52359545
Croatia,1995,30.7345473
Cyprus,2019,341.7407913
Cyprus,2018,327.9442256
Cyprus,2017,314.5128195
Cyprus,2016,301.0700159
Cyprus,2015,286.3826833
Cyprus,2014,278.2839017
Cyprus,2013,268.9052129
Cyprus,2012,256.1490664
Cyprus,2011,247.4737341
Cyprus,2010,220.2962248
Cyprus,2009,204.4474629
Cyprus,2008,190.453964
Cyprus,2007,173.063948
Cyprus,2006,159.6986423
Cyprus,2005,144.3996453
Cyprus,2004,129.277293
Cyprus,2003,113.7391336
Cyprus,2002,100.2666338
Cyprus,2001,89.69493372
Cyprus,2000,79.64868139
Cyprus,1999,69.96884056
Cyprus,1998,60.87388498
Cyprus,1997,49.43805415
Cyprus,1996,41.26111334
Cyprus,1995,33.06667377
Cyprus,1994,30.42716808
Cyprus,1993,27.87483038
Cyprus,1992,25.34705061
Czechia,2019,3751.324473
Czechia,2018,3762.147104
Czechia,2017,3729.864442
Czechia,2016,3541.214701
Czechia,2015,3304.992902
Czechia,2014,3084.23106
Czechia,2013,2925.26077
Czechia,2012,2796.370031
Czechia,2011,2685.067157
Czechia,2010,2421.379705
Czechia,2009,2122.797717
Czechia,2008,2053.814286
Czechia,2007,1765.734223
Czechia,2006,1351.486109
Czechia,2005,1074.988742
Czechia,2004,953.4741799
Czechia,2003,845.2517335
Czechia,2002,700.2368582
Czechia,2001,567.8214765
Czechia,2000,419.3972722
Czechia,1999,300.454601
Czechia,1998,242.6800404
Czechia,1997,173.9714538
Czechia,1996,71.18172155
Czechia,1995,14.02414422
Denmark,2019,463.8966444
Denmark,2018,592.5336568
Denmark,2017,491.7534374
Denmark,2016,585.6116177
Denmark,2015,518.7132545
Denmark,2014,665.4886303
Denmark,2013,722.5093388
Denmark,2012,784.2432149
Denmark,2011,779.7529045
Denmark,2010,859.8037934
Denmark,2009,1010.925342
Denmark,2008,985.9264266
Denmark,2007,985.9942297
Denmark,2006,950.9430416
Denmark,2005,928.1747572
Denmark,2004,878.1298142
Denmark,2003,819.7895033
Denmark,2002,799.0371527
Denmark,2001,775.2758915
Denmark,2000,773.4587576
Denmark,1999,678.045378
Denmark,1998,532.4263774
Denmark,1997,398.7113596
Denmark,1996,399.4040711
Denmark,1995,257.8911888
Denmark,1994,157.3813337
Denmark,1993,110.0327022
Denmark,1992,3.82974
Estonia,2019,224.3667318
Estonia,2018,231.0213162
Estonia,2017,231.0048219
Estonia,2016,233.892305
Estonia,2015,223.2068854
Estonia,2014,218.1391281
Estonia,2013,207.749513
Estonia,2012,193.3438499
Estonia,2011,183.3294412
Estonia,2010,175.5367683
Estonia,2009,157.5295992
Estonia,2008,150.3948174
Estonia,2007,170.3677401
Estonia,2006,154.566199
Estonia,2005,134.9582685
Estonia,2004,119.3273342
Estonia,2003,104.8679516
Estonia,2002,98.83061065
Estonia,2001,97.18671621
Estonia,2000,79.14731383
Estonia,1999,63.3943634
Estonia,1998,52.25183962
Estonia,1997,41.31382006
Estonia,1996,34.55828015
Estonia,1995,28.45439986
Estonia,1994,22.91492999
Estonia,1993,20.01969468
Estonia,1992,17.51317997
European Union,2019,94107.99174
European Union,2018,98328.97
European Union,2017,104611.9214
European Union,2016,105833.4053
European Union,2015,105775.3096
European Union,2014,111727.6318
European Union,2013,109279.3428
European Union,2012,106253.638
European Union,2011,103217.7163
European Union,2010,99159.25191
European Union,2009,92777.17056
European Union,2008,92578.41387
European Union,2007,86732.87231
European Union,2006,79493.06358
European Union,2005,73109.82255
European Union,2004,66100.99736
European Union,2003,61901.33857
European Union,2002,55060.22143
European Union,2001,51545.05347
European Union,2000,52438.17428
European Union,1999,51404.42427
European Union,1998,59273.24019
European Union,1997,58080.02167
European Union,1996,50648.91532
European Union,1995,43376.87379
European Union,1994,38986.22207
European Union,1993,34489.86783
European Union,1992,31643.9136
European Union,1991,29181.85787
European Union,1990,29134.76879
Finland,2019,1132.858411
Finland,2018,1174.223315
Finland,2017,1208.692131
Finland,2016,1271.999408
Finland,2015,1324.758175
Finland,2014,1365.247524
Finland,2013,1380.190745
Finland,2012,1381.779184
Finland,2011,1355.287077
Finland,2010,1362.706414
Finland,2009,1381.486863
Finland,2008,1383.687152
Finland,2007,1345.761607
Finland,2006,1312.589289
Finland,2005,1157.773484
Finland,2004,1082.176485
Finland,2003,978.5144992
Finland,2002,880.6698787
Finland,2001,786.485984
Finland,2000,715.4668456
Finland,1999,540.2759178
Finland,1998,442.4481524
Finland,1997,333.4834373
Finland,1996,233.4377345
Finland,1995,149.8096162
Finland,1994,81.23886221
Finland,1993,0.20379561
Finland,1992,0.0456544
Finland,1991,0.03298412
Finland,1990,0.02094836
France,2019,14210.8759
France,2018,15813.73205
France,2017,17475.38115
France,2016,18230.98243
France,2015,18374.70963
France,2014,18449.8324
France,2013,18473.73982
France,2012,18496.07524
France,2011,18224.04364
France,2010,17361.41826
France,2009,16522.02104
France,2008,16481.1015
France,2007,15482.42919
France,2006,14626.74409
France,2005,13093.14184
France,2004,12070.91997
France,2003,10585.16838
France,2002,9298.013413
France,2001,8094.60484
France,2000,6849.100016
France,1999,5682.431422
France,1998,4438.163338
France,1997,4086.52548
France,1996,3199.739261
France,1995,1818.707305
France,1994,1874.510607
France,1993,2912.895449
France,1992,4418.011354
France,1991,5124.376818
France,1990,4402.199943
Germany,2019,9611.811246
Germany,2018,10250.79739
Germany,2017,11175.74911
Germany,2016,11346.72234
Germany,2015,11377.71911
Germany,2014,11129.39287
Germany,2013,10979.93012
Germany,2012,10975.41467
Germany,2011,10786.31463
Germany,2010,10339.22293
Germany,2009,10031.48539
Germany,2008,9768.97189
Germany,2007,9805.142329
Germany,2006,9379.145564
Germany,2005,9009.547771
Germany,2004,8754.561511
Germany,2003,8303.514682
Germany,2002,8093.330203
Germany,2001,7456.575111
Germany,2000,6031.99117
Germany,1999,5200.825112
Germany,1998,4868.84223
Germany,1997,4157.372503
Germany,1996,3407.620115
Germany,1995,2614.282649
Germany,1994,2687.862682
Germany,1993,2495.766912
Germany,1992,287.5644591
Germany,1991,45.92200626
Germany,1990,50.32
Greece,2019,5447.168557
Greece,2018,5907.581964
Greece,2017,6177.932472
Greece,2016,6223.861869
Greece,2015,5999.844554
Greece,2014,5842.95097
Greece,2013,5741.476278
Greece,2012,5153.931052
Greece,2011,4747.224222
Greece,2010,4467.764123
Greece,2009,4036.015193
Greece,2008,3712.345592
Greece,2007,3246.633197
Greece,2006,2723.627927
Greece,2005,5078.025696
Greece,2004,4928.26925
Greece,2003,4733.64897
Greece,2002,5090.333007
Greece,2001,4781.51816
Greece,2000,5261.862319
Greece,1999,6721.129677
Greece,1998,5767.514295
Greece,1997,5166.488028
Greece,1996,4820.165372
Greece,1995,4157.37597
Greece,1994,2712.112463
Greece,1993,2032.439153
Greece,1992,1149.072
Greece,1991,1400.08
Greece,1990,1182.816
Hungary,2019,2133.83284
Hungary,2018,2033.05209
Hungary,2017,1951.542593
Hungary,2016,1887.88709
Hungary,2015,1821.30816
Hungary,2014,1829.359877
Hungary,2013,1552.027183
Hungary,2012,1458.61377
Hungary,2011,1387.326841
Hungary,2010,1249.52414
Hungary,2009,1167.963434
Hungary,2008,1113.085216
Hungary,2007,992.7713468
Hungary,2006,895.7842602
Hungary,2005,753.8460526
Hungary,2004,591.3326009
Hungary,2003,454.8379111
Hungary,2002,329.1394428
Hungary,2001,242.596623
Hungary,2000,203.8567573
Hungary,1999,163.4878843
Hungary,1998,90.52937761
Hungary,1997,66.0678066
Hungary,1996,42.06979192
Hungary,1995,36.05181684
Hungary,1994,30.73469731
Hungary,1993,26.27752755
Hungary,1992,25.51581596
Hungary,1991,15.13576442
Hungary,1990,0.002368006
Iceland,2019,207.2744313
Iceland,2018,163.4467848
Iceland,2017,188.8776737
Iceland,2016,203.8632453
Iceland,2015,179.6530032
Iceland,2014,169.5953872
Iceland,2013,163.3765014
Iceland,2012,140.7431013
Iceland,2011,130.4555636
Iceland,2010,105.106281
Iceland,2009,73.11496659
Iceland,2008,60.43457295
Iceland,2007,50.84930412
Iceland,2006,57.38968457
Iceland,2005,55.55759024
Iceland,2004,51.46130624
Iceland,2003,46.55141761
Iceland,2002,49.31845353
Iceland,2001,41.10078439
Iceland,2000,43.96197749
Iceland,1999,37.97797067
Iceland,1998,26.31494858
Iceland,1997,16.88695916
Iceland,1996,10.65062275
Iceland,1995,3.429686142
Iceland,1994,2.029498269
Iceland,1993,1.57854454
Iceland,1992,0.702552393
Iceland,1991,0.693548298
Iceland,1990,0.344146612
Ireland,2019,818.4687937
Ireland,2018,845.5108371
Ireland,2017,1158.651285
Ireland,2016,1242.926771
Ireland,2015,1169.494631
Ireland,2014,1190.002878
Ireland,2013,1106.323358
Ireland,2012,1074.95095
Ireland,2011,1084.269149
Ireland,2010,1048.138615
Ireland,2009,1028.459314
Ireland,2008,996.3800952
Ireland,2007,906.2561489
Ireland,2006,899.8137941
Ireland,2005,855.5398197
Ireland,2004,680.3650221
Ireland,2003,542.5642391
Ireland,2002,392.1663112
Ireland,2001,314.6819601
Ireland,2000,269.9700977
Ireland,1999,209.2704504
Ireland,1998,201.1532986
Ireland,1997,158.4772057
Ireland,1996,90.72339525
Ireland,1995,45.22982213
Ireland,1994,28.98802756
Ireland,1993,14.40635647
Ireland,1992,0.93536
Ireland,1991,0.76368
Ireland,1990,0.592
Italy,2019,16800.52412
Italy,2018,16445.45892
Italy,2017,16320.83331
Italy,2016,15941.17015
Italy,2015,15387.24135
Italy,2014,14918.10084
Italy,2013,14269.21663
Italy,2012,13596.64978
Italy,2011,12970.07836
Italy,2010,12053.95074
Italy,2009,11204.57582
Italy,2008,10397.59389
Italy,2007,9451.756281
Italy,2006,8740.050758
Italy,2005,7616.982119
Italy,2004,6458.863021
Italy,2003,5224.316628
Italy,2002,4208.939276
Italy,2001,3284.116496
Italy,2000,2488.952362
Italy,1999,1988.670332
Italy,1998,1525.701842
Italy,1997,1004.121303
Italy,1996,668.4154773
Italy,1995,926.652551
Italy,1994,664.0649803
Italy,1993,494.0985369
Italy,1992,471.9051344
Italy,1991,449.2973511
Italy,1990,444
Japan,2019,49715.18104
Japan,2018,47043.03983
Japan,2017,44954.20829
Japan,2016,42641.95175
Japan,2015,39280.54535
Japan,2014,35801.15194
Japan,2013,32120.72387
Japan,2012,29376.67278
Japan,2011,26118.6773
Japan,2010,23326.50886
Japan,2009,20942.66312
Japan,2008,19299.39876
Japan,2007,16715.61229
Japan,2006,14631.31908
Japan,2005,12783.61622
Japan,2004,12421.06932
Japan,2003,16227.34967
Japan,2002,16234.17558
Japan,2001,19460.87769
Japan,2000,22850.63267
Japan,1999,24367.37951
Japan,1998,23741.69311
Japan,1997,24436.42717
Japan,1996,24597.76625
Japan,1995,25212.86171
Japan,1994,21051.64242
Japan,1993,18129.02088
Japan,1992,17767.22404
Japan,1991,17349.61294
Japan,1990,15932.30986
Latvia,2019,255.0445103
Latvia,2018,263.0758837
Latvia,2017,267.8633545
Latvia,2016,275.0173816
Latvia,2015,254.520191
Latvia,2014,243.6547608
Latvia,2013,229.5277075
Latvia,2012,216.0063342
Latvia,2011,215.8557095
Latvia,2010,214.0549938
Latvia,2009,188.596956
Latvia,2008,178.3231439
Latvia,2007,154.4857566
Latvia,2006,132.7963403
Latvia,2005,105.1968464
Latvia,2004,96.68606215
Latvia,2003,88.46054634
Latvia,2002,80.68427137
Latvia,2001,72.86394171
Latvia,2000,64.60031276
Latvia,1999,55.92921819
Latvia,1998,47.59044102
Latvia,1997,38.94320784
Latvia,1996,29.42557584
Latvia,1995,17.12756009
Liechtenstein,2019,9.732388518
Liechtenstein,2018,10.19481537
Liechtenstein,2017,10.03153227
Liechtenstein,2016,9.757101724
Liechtenstein,2015,10.13274447
Liechtenstein,2014,10.02721844
Liechtenstein,2013,9.752118648
Liechtenstein,2012,9.809219631
Liechtenstein,2011,9.441845508
Liechtenstein,2010,8.952081827
Liechtenstein,2009,8.442842733
Liechtenstein,2008,8.603664207
Liechtenstein,2007,8.183751497
Liechtenstein,2006,7.412039157
Liechtenstein,2005,6.726155849
Liechtenstein,2004,6.525820324
Liechtenstein,2003,5.885080464
Liechtenstein,2002,5.277315861
Liechtenstein,2001,4.66521546
Liechtenstein,2000,3.871200527
Liechtenstein,1999,3.102189383
Liechtenstein,1998,2.503285268
Liechtenstein,1997,1.94613212
Liechtenstein,1996,1.563459626
Liechtenstein,1995,1.233470706
Liechtenstein,1994,0.430900697
Liechtenstein,1993,0.176174129
Liechtenstein,1992,0.078378458
Liechtenstein,1991,0.007402276
Liechtenstein,1990,0.000104468
Lithuania,2019,568.732938
Lithuania,2018,571.7226372
Lithuania,2017,719.0193805
Lithuania,2016,722.3082263
Lithuania,2015,567.7516752
Lithuania,2014,459.7567741
Lithuania,2013,406.7917983
Lithuania,2012,350.3831848
Lithuania,2011,303.2938493
Lithuania,2010,256.7614611
Lithuania,2009,213.6009533
Lithuania,2008,191.8065679
Lithuania,2007,153.7200812
Lithuania,2006,118.2542835
Lithuania,2005,88.8385632
Lithuania,2004,67.62795101
Lithuania,2003,46.83894871
Lithuania,2002,35.63021259
Lithuania,2001,28.07945392
Lithuania,2000,21.79826567
Lithuania,1999,17.26695066
Lithuania,1998,13.70996755
Lithuania,1997,10.0748819
Lithuania,1996,7.584238276
Lithuania,1995,6.166499228
Lithuania,1994,0.092760256
Lithuania,1993,0.027872921
Luxembourg,2019,61.35534099
Luxembourg,2018,64.69605371
Luxembourg,2017,68.57266895
Luxembourg,2016,65.16826086
Luxembourg,2015,66.72768606
Luxembourg,2014,66.64439706
Luxembourg,2013,62.45321656
Luxembourg,2012,58.91151616
Luxembourg,2011,56.55047741
Luxembourg,2010,53.67321033
Luxembourg,2009,51.39925624
Luxembourg,2008,50.24512351
Luxembourg,2007,47.75655559
Luxembourg,2006,43.36827397
Luxembourg,2005,40.46963194
Luxembourg,2004,41.92940919
Luxembourg,2003,41.74699684
Luxembourg,2002,41.5073438
Luxembourg,2001,38.25479506
Luxembourg,2000,31.08467625
Luxembourg,1999,26.20736375
Luxembourg,1998,22.95647865
Luxembourg,1997,20.09537295
Luxembourg,1996,17.32940443
Luxembourg,1995,15.15157555
Luxembourg,1994,14.19120626
Luxembourg,1993,12.93753487
Luxembourg,1992,5.486079582
Luxembourg,1991,0.001167814
Luxembourg,1990,7.15E-05
Malta,2019,257.2898209
Malta,2018,264.4526613
Malta,2017,271.6434058
Malta,2016,262.7326461
Malta,2015,251.2712032
Malta,2014,235.5632729
Malta,2013,220.4537268
Malta,2012,204.8322948
Malta,2011,172.3533504
Malta,2010,148.4844239
Malta,2009,135.9341307
Malta,2008,114.9747523
Malta,2007,98.67501938
Malta,2006,79.73419594
Malta,2005,42.20861064
Malta,2004,29.90440085
Malta,2003,16.6029323
Malta,2002,14.98501584
Malta,2001,11.25782599
Malta,2000,6.700837763
Malta,1999,0.011271981
Malta,1998,0.007519339
Malta,1997,0.004702046
Malta,1996,0.002822914
Malta,1995,0.001884769
Malta,1994,0.0009438
Monaco,2019,7.130901217
Monaco,2018,7.853769777
Monaco,2017,8.386150014
Monaco,2016,7.207197053
Monaco,2015,6.463075931
Monaco,2014,5.922161687
Monaco,2013,6.282547359
Monaco,2012,4.175380856
Monaco,2011,5.2956525
Monaco,2010,4.677488484
Monaco,2009,6.560076987
Monaco,2008,4.882716339
Monaco,2007,3.911945452
Monaco,2006,3.520959399
Monaco,2005,3.682697
Monaco,2004,3.937412237
Monaco,2003,3.037314308
Monaco,2002,2.87250885
Monaco,2001,2.153822708
Monaco,2000,4.030295417
Monaco,1999,0.95994428
Monaco,1998,0.941131489
Monaco,1997,0.551239198
Monaco,1996,0.902270729
Monaco,1995,0.238541593
Monaco,1994,0.186494447
Monaco,1993,0.122218521
Monaco,1992,0.079073839
Monaco,1991,0.037676851
Netherlands,2019,1817.312829
Netherlands,2018,1660.231893
Netherlands,2017,1558.449409
Netherlands,2016,1617.757539
Netherlands,2015,1801.171614
Netherlands,2014,1622.994028
Netherlands,2013,2040.652747
Netherlands,2012,1831.629488
Netherlands,2011,1891.465723
Netherlands,2010,2128.767968
Netherlands,2009,1835.421823
Netherlands,2008,1761.116894
Netherlands,2007,1691.653616
Netherlands,2006,1592.856301
Netherlands,2005,1374.014763
Netherlands,2004,1589.615836
Netherlands,2003,1535.373762
Netherlands,2002,1573.93966
Netherlands,2001,1869.872591
Netherlands,2000,4608.464455
Netherlands,1999,5895.698216
Netherlands,1998,11467.68114
Netherlands,1997,10115.60159
Netherlands,1996,9538.416842
Netherlands,1995,7545.613
Netherlands,1994,8152.475171
Netherlands,1993,6311.61511
Netherlands,1992,5621.292034
Netherlands,1991,4366.074
Netherlands,1990,5606.3288
New Zealand,2019,1734.063995
New Zealand,2018,1840.639193
New Zealand,2017,1673.354625
New Zealand,2016,1573.837641
New Zealand,2015,1438.316225
New Zealand,2014,1315.850834
New Zealand,2013,1292.561824
New Zealand,2012,1230.557977
New Zealand,2011,1182.573195
New Zealand,2010,1053.308812
New Zealand,2009,994.0626833
New Zealand,2008,1010.88677
New Zealand,2007,906.8263242
New Zealand,2006,798.6805082
New Zealand,2005,694.0107158
New Zealand,2004,582.576705
New Zealand,2003,503.8452523
New Zealand,2002,401.3636037
New Zealand,2001,300.0970798
New Zealand,2000,233.6472877
New Zealand,1999,177.98407
New Zealand,1998,121.8296242
New Zealand,1997,94.83009806
New Zealand,1996,62.94075518
New Zealand,1995,24.51836355
New Zealand,1994,7.905398901
New Zealand,1993,0.3575
New Zealand,1992,0.286
Norway,2019,933.3375474
Norway,2018,996.1358392
Norway,2017,1029.72523
Norway,2016,1007.055553
Norway,2015,965.9733868
Norway,2014,1082.31146
Norway,2013,1119.213052
Norway,2012,1029.064149
Norway,2011,966.4024631
Norway,2010,895.0997545
Norway,2009,819.7772155
Norway,2008,740.5256769
Norway,2007,684.917716
Norway,2006,620.9936164
Norway,2005,549.2652674
Norway,2004,544.3010196
Norway,2003,515.839069
Norway,2002,503.9529222
Norway,2001,466.7051669
Norway,2000,369.2792121
Norway,1999,322.8867061
Norway,1998,258.3748177
Norway,1997,195.3391243
Norway,1996,129.5382125
Norway,1995,97.84425808
Norway,1994,54.07899078
Norway,1993,35.79621397
Norway,1992,2.821764906
Norway,1991,1.311169949
Norway,1990,0.043897492
Poland,2019,3744.676371
Poland,2018,3804.045803
Poland,2017,5686.956918
Poland,2016,5594.265048
Poland,2015,6832.020578
Poland,2014,7954.011514
Poland,2013,7264.437648
Poland,2012,6865.550207
Poland,2011,6589.366595
Poland,2010,6033.840361
Poland,2009,4611.408925
Poland,2008,5412.685706
Poland,2007,4940.566303
Poland,2006,4503.163532
Poland,2005,3795.480696
Poland,2004,3154.801199
Poland,2003,2695.192077
Poland,2002,2123.863768
Poland,2001,1564.856385
Poland,2000,1066.784259
Poland,1999,611.2118276
Poland,1998,443.8454359
Poland,1997,369.7757771
Poland,1996,273.6218123
Poland,1995,171.969187
Portugal,2019,3373.123906
Portugal,2018,3245.492822
Portugal,2017,3124.799475
Portugal,2016,2943.284576
Portugal,2015,2807.60954
Portugal,2014,2665.696261
Portugal,2013,2533.929249
Portugal,2012,2371.045853
Portugal,2011,2226.305699
Portugal,2010,2058.95069
Portugal,2009,1915.379067
Portugal,2008,1718.541183
Portugal,2007,1466.342279
Portugal,2006,1235.948387
Portugal,2005,1052.829792
Portugal,2004,886.2687582
Portugal,2003,768.4709941
Portugal,2002,631.1435789
Portugal,2001,495.6533491
Portugal,2000,386.4504212
Portugal,1999,302.6787234
Portugal,1998,217.8724359
Portugal,1997,148.6647548
Portugal,1996,86.67199388
Portugal,1995,59.93872479
Romania,2019,2255.99518
Romania,2018,2255.086649
Romania,2017,2174.072076
Romania,2016,1894.411377
Romania,2015,1638.480198
Romania,2014,1375.342125
Romania,2013,1301.378666
Romania,2012,1200.960127
Romania,2011,1096.029409
Romania,2010,987.23854
Romania,2009,929.588459
Romania,2008,951.7792273
Romania,2007,669.7831471
Romania,2006,488.2788163
Romania,2005,372.4731862
Romania,2004,296.9775464
Romania,2003,230.9126419
Romania,2002,169.6317443
Romania,2001,113.8607428
Romania,2000,71.57429223
Romania,1999,40.28773982
Romania,1998,24.27008363
Romania,1997,10.63247617
Romania,1996,4.914996663
Romania,1995,2.657000784
Romania,1994,1.274028808
Romania,1993,0.757234912
Romania,1992,0.445934719
Romania,1991,0.286688138
Romania,1990,0.181192932
Russian Federation,2019,36451.22786
Russian Federation,2018,42863.47788
Russian Federation,2017,34555.77384
Russian Federation,2016,23734.64972
Russian Federation,2015,22430.27227
Russian Federation,2014,24850.98835
Russian Federation,2013,21778.92276
Russian Federation,2012,17840.4488
Russian Federation,2011,11303.29362
Russian Federation,2010,13429.67009
Russian Federation,2009,12531.28197
Russian Federation,2008,17927.46047
Russian Federation,2007,16830.00424
Russian Federation,2006,18000.25595
Russian Federation,2005,19818.2721
Russian Federation,2004,18410.17734
Russian Federation,2003,14612.79261
Russian Federation,2002,19303.15031
Russian Federation,2001,25208.89333
Russian Federation,2000,26569.75817
Russian Federation,1999,22671.89882
Russian Federation,1998,21834.31061
Russian Federation,1997,18009.73585
Russian Federation,1996,13611.14369
Russian Federation,1995,15447.31448
Russian Federation,1994,15469.63553
Russian Federation,1993,18278.41009
Russian Federation,1992,28192.14025
Russian Federation,1991,34229.66054
Russian Federation,1990,35937.15881
Slovakia,2019,720.7384404
Slovakia,2018,702.7707567
Slovakia,2017,739.0572189
Slovakia,2016,673.3704103
Slovakia,2015,734.8846769
Slovakia,2014,653.8394245
Slovakia,2013,646.8779662
Slovakia,2012,628.1954162
Slovakia,2011,605.0265533
Slovakia,2010,597.2398292
Slovakia,2009,516.9267472
Slovakia,2008,454.4721722
Slovakia,2007,388.2614155
Slovakia,2006,341.4873255
Slovakia,2005,292.9914251
Slovakia,2004,254.3850187
Slovakia,2003,213.5161699
Slovakia,2002,178.4553321
Slovakia,2001,138.7831163
Slovakia,2000,105.04465
Slovakia,1999,77.28532646
Slovakia,1998,54.60790289
Slovakia,1997,41.21206001
Slovakia,1996,28.38658367
Slovakia,1995,13.31791387
Slovakia,1994,0.1958936
Slovenia,2019,295.7905535
Slovenia,2018,320.2411379
Slovenia,2017,338.7797878
Slovenia,2016,351.1744715
Slovenia,2015,343.2372551
Slovenia,2014,333.1154755
Slovenia,2013,315.7558623
Slovenia,2012,294.6621153
Slovenia,2011,270.1063759
Slovenia,2010,257.7579971
Slovenia,2009,243.5889517
Slovenia,2008,224.0108931
Slovenia,2007,195.5663094
Slovenia,2006,168.8841079
Slovenia,2005,145.2010286
Slovenia,2004,121.7093089
Slovenia,2003,99.13889325
Slovenia,2002,78.55113521
Slovenia,2001,62.70992092
Slovenia,2000,46.10109305
Slovenia,1999,31.38248227
Slovenia,1998,31.01207597
Slovenia,1997,34.42557451
Slovenia,1996,29.86146096
Slovenia,1995,32.88673125
Slovenia,1994,31.65428552
Slovenia,1993,31.41216364
Spain,2019,4492.619916
Spain,2018,4677.90908
Spain,2017,6464.699149
Spain,2016,8377.793271
Spain,2015,8621.724215
Spain,2014,15465.35527
Spain,2013,15585.22481
Spain,2012,15735.21673
Spain,2011,15759.42711
Spain,2010,16434.93367
Spain,2009,15921.05025
Spain,2008,17420.51616
Spain,2007,16409.64135
Spain,2006,14363.66501
Spain,2005,11752.19728
Spain,2004,10390.64302
Spain,2003,10043.73102
Spain,2002,7878.789348
Spain,2001,9164.900694
Spain,2000,12343.24539
Spain,1999,10615.91132
Spain,1998,8636.24153
Spain,1997,8304.792179
Spain,1996,6879.603379
Spain,1995,5867.637489
Spain,1994,4373.400005
Spain,1993,2856.400005
Spain,1992,3494.576002
Spain,1991,2756.351999
Spain,1990,3039.919997
Sweden,2019,988.9436067
Sweden,2018,1037.904151
Sweden,2017,1099.270367
Sweden,2016,1137.866233
Sweden,2015,1121.342752
Sweden,2014,1103.089997
Sweden,2013,1076.727097
Sweden,2012,1087.924047
Sweden,2011,1105.94271
Sweden,2010,1133.807972
Sweden,2009,1154.250362
Sweden,2008,1155.929544
Sweden,2007,1140.467516
Sweden,2006,1134.964097
Sweden,2005,1110.198363
Sweden,2004,1085.128982
Sweden,2003,1003.372872
Sweden,2002,934.6205193
Sweden,2001,851.9549484
Sweden,2000,769.640583
Sweden,1999,638.960188
Sweden,1998,483.4430591
Sweden,1997,371.9312949
Sweden,1996,226.857392
Sweden,1995,135.759832
Sweden,1994,73.2558452
Sweden,1993,30.19811027
Sweden,1992,12.81357413
Sweden,1991,11.14149949
Sweden,1990,6.48744323
Switzerland,2019,1435.137914
Switzerland,2018,1530.295239
Switzerland,2017,1508.745357
Switzerland,2016,1484.309786
Switzerland,2015,1510.883824
Switzerland,2014,1471.898081
Switzerland,2013,1434.30154
Switzerland,2012,1454.453756
Switzerland,2011,1380.69202
Switzerland,2010,1308.149964
Switzerland,2009,1266.585617
Switzerland,2008,1274.086895
Switzerland,2007,1249.505114
Switzerland,2006,1155.454097
Switzerland,2005,1049.63459
Switzerland,2004,1004.38935
Switzerland,2003,911.5994207
Switzerland,2002,825.8870393
Switzerland,2001,735.483097
Switzerland,2000,635.9916007
Switzerland,1999,533.3666529
Switzerland,1998,456.2137499
Switzerland,1997,360.3902705
Switzerland,1996,295.8757388
Switzerland,1995,243.7229435
Switzerland,1994,80.15301192
Switzerland,1993,32.53517593
Switzerland,1992,15.55043433
Switzerland,1991,1.508441858
Switzerland,1990,0.024781191
Turkey,2019,6064.070573
Turkey,2018,5502.387441
Turkey,2017,5534.601836
Turkey,2016,5262.924341
Turkey,2015,4802.867122
Turkey,2014,4927.458301
Turkey,2013,4470.243909
Turkey,2012,4256.834506
Turkey,2011,3432.640591
Turkey,2010,3054.275851
Turkey,2009,2111.280343
Turkey,2008,1896.138125
Turkey,2007,1713.19301
Turkey,2006,1424.189692
Turkey,2005,1146.882829
Turkey,2004,909.3717963
Turkey,2003,628.7983072
Turkey,2002,417.1867279
Turkey,2001,232.0036437
Turkey,2000,115.6562115
Ukraine,2019,1625.788358
Ukraine,2018,1350.03697
Ukraine,2017,1009.536776
Ukraine,2016,887.3571249
Ukraine,2015,775.3719855
Ukraine,2014,847.8444533
Ukraine,2013,881.2398564
Ukraine,2012,840.7553646
Ukraine,2011,819.9980102
Ukraine,2010,743.860556
Ukraine,2009,663.762796
Ukraine,2008,647.2493347
Ukraine,2007,561.1269799
Ukraine,2006,402.2775966
Ukraine,2005,285.0731584
Ukraine,2004,187.2557395
Ukraine,2003,105.2046167
Ukraine,2002,64.27130787
Ukraine,2001,29.04880037
Ukraine,2000,15.73158873
Ukraine,1999,14.14249973
Ukraine,1998,13.01934756
Ukraine,1997,6.430905
United Kingdom,2019,12609.38115
United Kingdom,2018,13237.75662
United Kingdom,2017,13583.12788
United Kingdom,2016,13693.22536
United Kingdom,2015,13711.19534
United Kingdom,2014,13722.57482
United Kingdom,2013,13543.99401
United Kingdom,2012,13118.70501
United Kingdom,2011,12509.15844
United Kingdom,2010,11910.89491
United Kingdom,2009,11336.90198
United Kingdom,2008,10823.74168
United Kingdom,2007,10416.58187
United Kingdom,2006,9999.895951
United Kingdom,2005,9154.610682
United Kingdom,2004,8389.009214
United Kingdom,2003,9566.45415
United Kingdom,2002,8784.26392
United Kingdom,2001,8469.933591
United Kingdom,2000,7799.654376
United Kingdom,1999,9768.094033
United Kingdom,1998,18059.74778
United Kingdom,1997,21714.70545
United Kingdom,1996,19483.97694
United Kingdom,1995,18568.48619
United Kingdom,1994,17306.23698
United Kingdom,1993,16401.44781
United Kingdom,1992,15625.96461
United Kingdom,1991,15008.53934
United Kingdom,1990,14399.46247
United States of America,2019,158219.7302
United States of America,2018,153440.6358
United States of America,2017,154361.2397
United States of America,2016,153140.3123
United States of America,2015,154223.7712
United States of America,2014,151613.0721
United States of America,2013,146988.0975
United States of America,2012,147052.6534
United States of America,2011,148744.7687
United States of America,2010,145692.1263
United States of America,2009,137437.1753
United States of America,2008,138840.5671
United States of America,2007,135163.2017
United States of America,2006,124048.1492
United States of America,2005,120223.3201
United States of America,2004,117837.7549
United States of America,2003,108073.0207
United States of America,2002,115376.5133
United States of America,2001,109259.5317
United States of America,2000,113459.4414
United States of America,1999,108304.8113
United States of America,1998,111160.9658
United States of America,1997,91417.46364
United States of America,1996,81463.00204
United States of America,1995,72512.30333
United States of America,1994,54341.44823
United States of America,1993,47588.58717
United States of America,1992,47436.5338
United States of America,1991,41618.76653
United States of America,1990,46289.01026
